{
  "Afghanistan": [65.3146659870815, 33.832651],
  "Angola": [18.809785909133016, -11.880463500000001],
  "Albania": [19.9675900776865, 41.247896],
  "United arab emirates": [54.987923854790154, 24.2818385],
  "Argentina": [-64.08055141174417, -37.2391995],
  "Armenia": [45.063666445448874, 39.952497],
  "Antarctica": [75.17559011107225, -74.4496405],
  "French southern and antarctic lands": [69.6465417663477, -49.15375],
  "Australia": [133.05858120482662, -24.841455],
  "Austria": [14.953149833502414, 47.9191815],
  "Azerbaijan": [47.63524375798974, 40.038047500000005],
  "Burundi": [29.95713213571906, -3.4639485],
  "Belgium": [4.737356308041732, 50.5796775],
  "Benin": [2.2853249252024064, 9.236115999999999],
  "Burkina faso": [-1.275629162240045, 12.241398],
  "Bangladesh": [89.87623897797096, 23.563936499999997],
  "Bulgaria": [25.138533279202548, 42.739419999999996],
  "The bahamas": [-77.9228866327613, 24.457819999999998],
  "Bosnia and herzegovina": [18.115159863686415, 43.853095999999994],
  "Belarus": [27.786411458976076, 53.706037],
  "Belize": [-88.69909244027376, 17.310584499999997],
  "Bolivia": [-63.63894096624066, -16.400135499999998],
  "Brazil": [-49.71162185852424, -14.0736885],
  "Brunei": [114.89279639320058, 4.7129425000000005],
  "Bhutan": [90.49641832093482, 27.612178],
  "Botswana": [24.310117415297675, -22.4595335],
  "Central african republic": [20.478740083438915, 6.7629595],
  "Canada": [-110.24380777716146, 56.70192],
  "Switzerland": [8.286515281476472, 46.8096625],
  "Chile": [-71.50954641289142, -35.756964499999995],
  "China": [98.76958324319138, 36.79871],
  "Ivory coast": [-5.6826110531641, 7.5406255],
  "Cameroon": [13.491597921033106, 7.2262],
  "Democratic republic of the congo": [22.39056601648901, -4.099336],
  "Republic of the congo": [15.943964215882808, -0.6482285],
  "Colombia": [-72.4864581064173, 3.9686209999999997],
  "Costa rica": [-83.68384173481984, 9.7057645],
  "Cuba": [-77.7048477752013, 21.389870000000002],
  "Northern cyprus": [33.45131402272273, 35.309486],
  "Cyprus": [33.03299138875178, 34.8398765],
  "Czech republic": [15.538166373823362, 49.758268],
  "Germany": [10.432350876756606, 51.431228000000004],
  "Djibouti": [42.41228242457338, 11.8552845],
  "Denmark": [9.460777051985307, 56.324314],
  "Dominican republic": [-70.13016122451796, 18.7011585],
  "Algeria": [0.5262735538355487, 27.916216499999997],
  "Ecuador": [-78.27869868033336, -1.763329],
  "Egypt": [29.369537116289596, 26.895485],
  "Eritrea": [38.29574883128572, 15.1975385],
  "Spain": [-3.5199677746850035, 39.917913],
  "Estonia": [25.561756816294846, 58.498082999999994],
  "Ethiopia": [38.72639118584681, 9.36203],
  "Finland": [27.373290514430508, 65.0300495],
  "Fiji": [177.9759493013698, -17.937620000000003],
  "Falkland islands": [-59.38928571428572, -51.7],
  "France": [2.099228368479555, 46.895071],
  "Gabon": [11.592640808043878, -0.9451875000000001],
  "England": [-1.7533123060747915, 54.224688],
  "Georgia": [43.6020075602997, 42.2976125],
  "Ghana": [-1.0873751582526647, 7.8156859999999995],
  "Guinea": [-9.657523736704057, 9.950943500000001],
  "Gambia": [-16.041873844511713, 13.4016245],
  "Guinea bissau": [-15.036935137360143, 11.884985499999999],
  "Equatorial guinea": [10.37714469461209, 1.710981],
  "Greece": [21.806331463138974, 39.080456999999996],
  "Greenland": [-39.2831484921747, 71.8673],
  "Guatemala": [-90.33421985102814, 15.791555500000001],
  "Guyana": [-58.845385714394844, 4.9133435],
  "Honduras": [-87.22788986822297, 14.487836999999999],
  "Croatia": [15.583559096689727, 44.544813500000004],
  "Haiti": [-72.1474072993552, 18.943520999999997],
  "Hungary": [19.103248635963975, 47.2452045],
  "Indonesia": [120.40029137119527, -2.0257935],
  "India": [79.17905943652184, 21.8722055],
  "Ireland": [-7.806698934039285, 53.510364499999994],
  "Iran": [54.1182449317387, 32.3260375],
  "Iraq": [42.41492183998177, 33.1979865],
  "Iceland": [-18.457892803157073, 64.988049],
  "Israel": [34.69111642632299, 31.421260500000002],
  "Italy": [12.631183538666289, 42.5582165],
  "Jamaica": [-77.1515012343518, 18.023784],
  "Jordan": [36.31227587319722, 31.294576],
  "Japan": [138.34886710119753, 36.09343],
  "Kazakhstan": [66.31159682840743, 48.068952499999995],
  "Kenya": [37.51297205252195, 0.312407],
  "Kyrgyzstan": [75.19201303579243, 41.289108],
  "Cambodia": [104.99873167081543, 12.865726500000001],
  "South korea": [127.90135649426065, 36.205013],
  "Kosovo": [20.91366237907193, 42.513925],
  "Kuwait": [47.393071897311984, 29.202662],
  "Laos": [102.08216886306829, 18.175027999999998],
  "Lebanon": [35.7946617831452, 33.865181],
  "Liberia": [-9.710184281570925, 6.3302985],
  "Libya": [17.25892425, 26.303265500000002],
  "Sri lanka": [80.68375216728839, 7.861949000000001],
  "Lesotho": [28.243577485068922, -29.5005765],
  "Lithuania": [24.127801376037468, 55.0912375],
  "Luxembourg": [5.964412349411621, 49.715855],
  "Latvia": [24.5044231051113, 56.8950545],
  "Morocco": [-9.983264516786328, 28.490393],
  "Moldova": [28.649038202278767, 47.137614],
  "Madagascar": [46.669491179453075, -18.646691],
  "Mexico": [-102.25017233870508, 23.5993735],
  "Macedonia": [21.720339308044508, 41.6811],
  "Mali": [-0.7009447099266355, 17.9547955],
  "Myanmar": [95.87301216020606, 18.9967865],
  "Montenegro": [19.396216204979822, 42.7504985],
  "Mongolia": [105.33397585460423, 46.846779],
  "Mozambique": [34.69681884478825, -18.3193725],
  "Mauritania": [-11.492962895049338, 21.163411500000002],
  "Malawi": [33.66837093291247, -13.174648],
  "Malaysia": [114.50698348640523, 3.5313735],
  "Namibia": [17.146268901337628, -23.2548335],
  "New caledonia": [165.68737726397993, -21.414713499999998],
  "Niger": [9.774100880356354, 17.390088499999997],
  "Nigeria": [7.8318782606688355, 8.927685499999999],
  "Nicaragua": [-85.574355714402, 12.889600999999999],
  "Netherlands": [5.39811344311906, 52.0402345],
  "Norway": [12.220766125253348, 64.636533],
  "Nepal": [83.44416827986201, 28.3098355],
  "New zealand": [176.51659692978166, -38.305310500000004],
  "Oman": [56.97737402903281, 20.797736],
  "Pakistan": [70.0926279674016, 30.357656],
  "Panama": [-81.48307979580451, 8.405611],
  "Peru": [-75.87473845667213, -9.247523000000001],
  "Philippines": [120.76110667384704, 15.6686825],
  "Papua new guinea": [144.22611591214235, -6.667836],
  "Poland": [19.07626726679996, 51.8844175],
  "Puerto rico": [-66.4449571273152, 18.3012475],
  "North korea": [126.80350849526494, 40.337641500000004],
  "Portugal": [-8.36792599099319, 39.5108185],
  "Paraguay": [-58.6374159551108, -23.1138085],
  "Qatar": [51.179364911148525, 25.349047],
  "Romania": [24.211692276700624, 46.0360275],
  "Russia": [88.59732843667405, 59.40587],
  "Rwanda": [30.030836557538688, -1.9570120000000002],
  "Western sahara": [-12.57201526395745, 24.2305625],
  "Saudi arabia": [44.55272493431764, 24.265496],
  "Sudan": [29.615603211023824, 15.277565],
  "South sudan": [28.970074432703957, 8.027146],
  "Senegal": [-14.72919092443719, 14.495175],
  "Solomon islands": [159.09590051841724, -7.887425500000001],
  "Sierra leone": [-11.844424700982863, 8.5608735],
  "El salvador": [-88.92009515776553, 13.815268],
  "Somaliland": [46.034646505834246, 9.756988499999999],
  "Somalia": [46.7941796825168, 5.170365],
  "Republic of serbia": [21.013475351815377, 44.1366965],
  "Suriname": [-56.03158331073152, 3.840451],
  "Slovakia": [19.63011385405736, 48.7119365],
  "Slovenia": [14.732281045424251, 46.127443],
  "Sweden": [14.786243183258216, 62.274881],
  "Swaziland": [31.360099238668724, -26.565949000000003],
  "Syria": [38.57395267223778, 35.0274615],
  "Chad": [18.30671414948851, 15.277565],
  "Togo": [1.1192625385164365, 8.494844],
  "Thailand": [101.66324428479209, 13.037021],
  "Tajikistan": [71.03984570215975, 38.75403],
  "Turkmenistan": [58.67204951849102, 39.1213335],
  "East timor": [125.86268052226751, -8.780522999999999],